Query,Assigned Officer
How can I apply for Udhami Yojna?,Officer K
What documents are required for the application?,Officer E
How do I know if I am eligible for the scheme?,Officer K
My application status is still pending. What should I do?,Officer C
Where can I check the application status for Udhami Yojna?,Officer K
I am facing issues uploading documents to the portal.,Officer F
What is the process for fund disbursement under the scheme?,Officer E
My payment is delayed. Whom should I contact?,Officer D
How can I recover my account on the Udhami Yojna portal?,Officer E
What is the eligibility criteria for entrepreneurs?,Officer G
I want to appeal a rejected application. What is the procedure?,Officer K
Can I get details about the benefits of Udhami Yojna?,Officer H
What is the interest rate for loans under the scheme?,Officer F
Where can I register a complaint about misconduct in the application process?,Officer A
Is there any training program available for entrepreneurs under this scheme?,Officer B
How do I reset my password for the Udhami Yojna portal?,Officer I
What is the maximum loan amount I can apply for?,Officer I
Are women entrepreneurs eligible for additional benefits?,Officer C
I need assistance with the registration process. Whom should I contact?,Officer L
Can I get help filling out the application form?,Officer A
What are the steps to resolve a payment issue?,Officer E
I submitted the wrong documents. How can I update them?,Officer B
Is there a deadline for applying to Udhami Yojna?,Officer B
What should I do if my application is rejected?,Officer J
How do I contact the helpline for Udhami Yojna?,Officer A
Where can I find the list of required documents?,Officer C
Can I apply for Udhami Yojna offline?,Officer D
How do I escalate an issue with my application?,Officer D
What support is available for startups under Udhami Yojna?,Officer D
I need help with technical issues on the portal.,Officer C
How can I apply for Udhami Yojna?,Officer G
What documents are required for the application?,Officer E
How do I know if I am eligible for the scheme?,Officer G
My application status is still pending. What should I do?,Officer A
Where can I check the application status for Udhami Yojna?,Officer L
I am facing issues uploading documents to the portal.,Officer L
What is the process for fund disbursement under the scheme?,Officer I
My payment is delayed. Whom should I contact?,Officer K
How can I recover my account on the Udhami Yojna portal?,Officer D
What is the eligibility criteria for entrepreneurs?,Officer K
I want to appeal a rejected application. What is the procedure?,Officer A
Can I get details about the benefits of Udhami Yojna?,Officer I
What is the interest rate for loans under the scheme?,Officer C
Where can I register a complaint about misconduct in the application process?,Officer F
Is there any training program available for entrepreneurs under this scheme?,Officer F
How do I reset my password for the Udhami Yojna portal?,Officer K
What is the maximum loan amount I can apply for?,Officer C
Are women entrepreneurs eligible for additional benefits?,Officer G
I need assistance with the registration process. Whom should I contact?,Officer K
Can I get help filling out the application form?,Officer A
What are the steps to resolve a payment issue?,Officer A
I submitted the wrong documents. How can I update them?,Officer B
Is there a deadline for applying to Udhami Yojna?,Officer K
What should I do if my application is rejected?,Officer D
How do I contact the helpline for Udhami Yojna?,Officer F
Where can I find the list of required documents?,Officer A
Can I apply for Udhami Yojna offline?,Officer F
How do I escalate an issue with my application?,Officer C
What support is available for startups under Udhami Yojna?,Officer K
I need help with technical issues on the portal.,Officer G
How can I apply for Udhami Yojna?,Officer K
What documents are required for the application?,Officer L
How do I know if I am eligible for the scheme?,Officer L
My application status is still pending. What should I do?,Officer G
Where can I check the application status for Udhami Yojna?,Officer H
I am facing issues uploading documents to the portal.,Officer C
What is the process for fund disbursement under the scheme?,Officer A
My payment is delayed. Whom should I contact?,Officer J
How can I recover my account on the Udhami Yojna portal?,Officer I
What is the eligibility criteria for entrepreneurs?,Officer G
I want to appeal a rejected application. What is the procedure?,Officer F
Can I get details about the benefits of Udhami Yojna?,Officer A
What is the interest rate for loans under the scheme?,Officer E
Where can I register a complaint about misconduct in the application process?,Officer I
Is there any training program available for entrepreneurs under this scheme?,Officer L
How do I reset my password for the Udhami Yojna portal?,Officer D
What is the maximum loan amount I can apply for?,Officer F
Are women entrepreneurs eligible for additional benefits?,Officer D
I need assistance with the registration process. Whom should I contact?,Officer H
Can I get help filling out the application form?,Officer D
What are the steps to resolve a payment issue?,Officer A
I submitted the wrong documents. How can I update them?,Officer J
Is there a deadline for applying to Udhami Yojna?,Officer E
What should I do if my application is rejected?,Officer J
How do I contact the helpline for Udhami Yojna?,Officer F
Where can I find the list of required documents?,Officer G
Can I apply for Udhami Yojna offline?,Officer D
How do I escalate an issue with my application?,Officer C
What support is available for startups under Udhami Yojna?,Officer J
I need help with technical issues on the portal.,Officer K
How can I apply for Udhami Yojna?,Officer A
What documents are required for the application?,Officer K
How do I know if I am eligible for the scheme?,Officer G
My application status is still pending. What should I do?,Officer J
Where can I check the application status for Udhami Yojna?,Officer G
I am facing issues uploading documents to the portal.,Officer G
What is the process for fund disbursement under the scheme?,Officer F
My payment is delayed. Whom should I contact?,Officer G
How can I recover my account on the Udhami Yojna portal?,Officer D
What is the eligibility criteria for entrepreneurs?,Officer I
I want to appeal a rejected application. What is the procedure?,Officer F
Can I get details about the benefits of Udhami Yojna?,Officer L
What is the interest rate for loans under the scheme?,Officer H
Where can I register a complaint about misconduct in the application process?,Officer F
Is there any training program available for entrepreneurs under this scheme?,Officer K
How do I reset my password for the Udhami Yojna portal?,Officer C
What is the maximum loan amount I can apply for?,Officer I
Are women entrepreneurs eligible for additional benefits?,Officer G
I need assistance with the registration process. Whom should I contact?,Officer J
Can I get help filling out the application form?,Officer L
What are the steps to resolve a payment issue?,Officer G
I submitted the wrong documents. How can I update them?,Officer J
Is there a deadline for applying to Udhami Yojna?,Officer L
What should I do if my application is rejected?,Officer D
How do I contact the helpline for Udhami Yojna?,Officer H
Where can I find the list of required documents?,Officer J
Can I apply for Udhami Yojna offline?,Officer B
How do I escalate an issue with my application?,Officer B
What support is available for startups under Udhami Yojna?,Officer H
I need help with technical issues on the portal.,Officer D
How can I apply for Udhami Yojna?,Officer J
What documents are required for the application?,Officer G
How do I know if I am eligible for the scheme?,Officer G
My application status is still pending. What should I do?,Officer B
Where can I check the application status for Udhami Yojna?,Officer C
I am facing issues uploading documents to the portal.,Officer L
What is the process for fund disbursement under the scheme?,Officer B
My payment is delayed. Whom should I contact?,Officer K
How can I recover my account on the Udhami Yojna portal?,Officer E
What is the eligibility criteria for entrepreneurs?,Officer G
I want to appeal a rejected application. What is the procedure?,Officer A
Can I get details about the benefits of Udhami Yojna?,Officer A
What is the interest rate for loans under the scheme?,Officer D
Where can I register a complaint about misconduct in the application process?,Officer C
Is there any training program available for entrepreneurs under this scheme?,Officer G
How do I reset my password for the Udhami Yojna portal?,Officer I
What is the maximum loan amount I can apply for?,Officer D
Are women entrepreneurs eligible for additional benefits?,Officer J
I need assistance with the registration process. Whom should I contact?,Officer A
Can I get help filling out the application form?,Officer F
What are the steps to resolve a payment issue?,Officer J
I submitted the wrong documents. How can I update them?,Officer J
Is there a deadline for applying to Udhami Yojna?,Officer C
What should I do if my application is rejected?,Officer B
How do I contact the helpline for Udhami Yojna?,Officer C
Where can I find the list of required documents?,Officer A
Can I apply for Udhami Yojna offline?,Officer F
How do I escalate an issue with my application?,Officer D
What support is available for startups under Udhami Yojna?,Officer J
I need help with technical issues on the portal.,Officer G
